{"name":"ebb008a6-12a5-4424-bb74-547de3c97e80","id":"/providers/Microsoft.Flow/flows/ebb008a6-12a5-4424-bb74-547de3c97e80","type":"Microsoft.Flow/flows","properties":{"apiId":"/providers/Microsoft.PowerApps/apis/shared_logicflows","displayName":"Use form processing model to extract data from email attachments - 4","definition":{"metadata":{"workflowEntityId":null,"processAdvisorMetadata":null,"flowChargedByPaygo":null,"flowclientsuspensionreason":"None","flowclientsuspensiontime":null,"flowclientsuspensionreasondetails":null,"creator":{"id":"95c156a3-a555-4d46-952e-b7a14c379a7d","type":"User","tenantId":"5d9e6353-fbd7-4c3f-9b98-fdaab81a9956"},"provisioningMethod":"FromDefinition","failureAlertSubscription":true,"clientLastModifiedTime":"2023-09-26T16:12:54.2900375Z"},"$schema":"https://schema.management.azure.com/providers/Microsoft.Logic/schemas/2016-06-01/workflowdefinition.json#","contentVersion":"1.0.0.0","parameters":{"$connections":{"defaultValue":{},"type":"Object"},"$authentication":{"defaultValue":{},"type":"SecureObject"},"aibuilder.modelId":{"defaultValue":"","type":"String"},"aibuilder.data1":{"defaultValue":"","type":"String"},"aibuilder.data2":{"defaultValue":"","type":"String"},"aibuilder.data3":{"defaultValue":"","type":"String"},"aibuilder.label1Name":{"defaultValue":"","type":"String"},"aibuilder.label1Value":{"defaultValue":"","type":"String"},"aibuilder.label1Confidence":{"defaultValue":"","type":"String"},"aibuilder.label2Name":{"defaultValue":"","type":"String"},"aibuilder.label2Value":{"defaultValue":"","type":"String"},"aibuilder.label2Confidence":{"defaultValue":"","type":"String"},"aibuilder.label3Name":{"defaultValue":"","type":"String"},"aibuilder.label3Value":{"defaultValue":"","type":"String"},"aibuilder.label3Confidence":{"defaultValue":"","type":"String"}},"triggers":{"When_a_new_email_arrives_(V3)":{"splitOn":"@triggerOutputs()?['body/value']","metadata":{"operationMetadataId":"2c77650d-a0f4-4105-9b5e-b2ea0fc7706d"},"type":"OpenApiConnectionNotification","inputs":{"host":{"apiId":"/providers/Microsoft.PowerApps/apis/shared_office365","connectionName":"shared_office365","operationId":"OnNewEmailV3"},"parameters":{"folderPath":"Inbox","includeAttachments":true,"subjectFilter":"AI Builder","importance":"Any","fetchOnlyWithAttachment":true},"authentication":"@parameters('$authentication')"},"description":"Once the flow is saved, it will run every time you receive an email with â€˜AI Builderâ€™ in the subject line and a file attached to the email."}},"actions":{"Welcome!":{"runAfter":{},"metadata":{"operationMetadataId":"daa80474-f385-4ab2-a728-50fcedb90b87"},"type":"Compose","inputs":"Congratulation! Youâ€™ve successfully created a cloud flow with your AI Builder Form Processing model.\n\n First, before making any changes to this flow we recommend that you test this flow. To test it:\n\n1. Click â€˜Saveâ€™ on the top right of this page.\n2. Then click on â€˜Testâ€™ on the top right as well and choose Test flow â€˜manuallyâ€™.\n3. Send an email to yourself with â€˜AI Builderâ€™ in the subject and with a document attached to process. Important! Put â€˜AI Builderâ€™ in the subject line for the flow to run. \nAfter a few seconds, the flow will start running and you will get an email with a few fields extracted by the model.\n\nAfter you have successfully tested this flow, you can then customize it for your business needs.\n\nHaving issues running the flow? Let us know in the AI Builder forum where weâ€™ll be happy to help: https://aka.ms/ForumAIBuilder"},"Feedback_loop_activation_(preview)":{"runAfter":{"Send_success_emails":["Succeeded"]},"metadata":{"operationMetadataId":"33937341-3bd4-40e5-aad4-6eabebf4a32a"},"type":"InitializeVariable","inputs":{"variables":[{"name":"Feedback loop activated","type":"string","value":"Yes"}]},"description":"Variable that indicates if feedback loop should be activated. See Feedback loop section below for more details."},"Apply_to_each":{"foreach":"@triggerOutputs()?['body/attachments']","actions":{"Is_a_valid_attachment":{"actions":{"Feedback_loop_(preview)":{"actions":{"Feedback_loop_how_to":{"runAfter":{},"metadata":{"operationMetadataId":"36f56e09-7037-46c4-81f4-1827590bf10f"},"type":"Compose","inputs":"This feedback loop section (optional) allows you to flag documents for which the data extracted by the AI Builder model doesnâ€™t meet your quality checks.\n\nBased on the conditions you define, you can send the document to the feedback loop storage. The next time you edit your AI Builder model, you will be able to add these documents to the training set to improve the model.\n\nLearn more at https://aka.ms/AIBFeedbackLoop"},"Condition_sample:_Check_field_value":{"actions":{"Save_file_to_AI_Builder_feedback_loop":{"runAfter":{},"metadata":{"flowSystemMetadata":{"portalOperationId":"aibuilderfeedback_addfiletofeedbackloop","portalOperationGroup":"aibuilder","portalOperationApiDisplayNameOverride":"AI Builder","portalOperationIconOverride":"https://content.powerapps.com/resource/makerx/static/pauto/images/designeroperations/aiBuilderNew.51dbdb6b.png","portalOperationBrandColorOverride":"#0A76C4","portalOperationApiTierOverride":"Standard"},"operationMetadataId":"0124b370-aa74-4bad-a434-968a5d964645"},"type":"OpenApiConnection","inputs":{"host":{"apiId":"/providers/Microsoft.PowerApps/apis/shared_commondataserviceforapps","connectionName":"shared_commondataserviceforapps","operationId":"aibuilderfeedback_addfiletofeedbackloop"},"parameters":{"recordId":"52426313-ab41-4abb-95ce-b8e066084935","item/predictionInput/base64Encoded":"@items('Apply_to_each')?['contentBytes']","item/inputName":"@items('Apply_to_each')?['name']","item/predictionOutput":"@outputs('Extract_information_from_forms')?['body/responsev2/predictionOutput']"},"authentication":"@parameters('$authentication')"}},"Send_an_email_(Document_in_feedback_loop)":{"runAfter":{"Save_file_to_AI_Builder_feedback_loop":["Succeeded"]},"metadata":{"operationMetadataId":"9cd2ab07-b1d8-4165-8503-edf3bc831666"},"type":"OpenApiConnection","inputs":{"host":{"apiId":"/providers/Microsoft.PowerApps/apis/shared_office365","connectionName":"shared_office365","operationId":"SendEmailV2"},"parameters":{"emailMessage/To":"@outputs('Get_my_profile_(V2)')?['body/mail']","emailMessage/Subject":"Document to review","emailMessage/Body":"<p><span style=\"font-size: 16px\">Dear </span><span style=\"font-size: 16px\">@{outputs('Get_my_profile_(V2)')?['body/givenName']}</span><span style=\"font-size: 16px\">,<br>\nYour Power Automate flow ran successfully but the attached document has been flagged by the AI Builder feedback loop as it doesn't meet your quality checks. Here are some of the fields extracted from the attached document by AI Builder Form Processing:<br>\n<br>\n</span><span style=\"font-size: 16px\"><strong>Name: @{outputs('Extract_information_from_forms')?['body/responsev2/predictionOutput/labels/Name/value']} (Confidence score: @{outputs('Extract_information_from_forms')?['body/responsev2/predictionOutput/labels/Name/confidence']})<br><br>\nEmail: @{outputs('Extract_information_from_forms')?['body/responsev2/predictionOutput/labels/Email/value']} (Confidence score: @{outputs('Extract_information_from_forms')?['body/responsev2/predictionOutput/labels/Email/confidence']})<br><br>\nField interest: @{outputs('Extract_information_from_forms')?['body/responsev2/predictionOutput/labels/Field_00a7c6d095d498ec65c08805f7f66421e9/value']} (Confidence score: @{outputs('Extract_information_from_forms')?['body/responsev2/predictionOutput/labels/Field_00a7c6d095d498ec65c08805f7f66421e9/confidence']})</strong></span><span style=\"font-size: 16px\"><br>\n<br>\n</span><br></span><span style=\"font-size: 16px\"><strong>What's next?</strong></span><span style=\"font-size: 16px\"> Go to AI Builder experience and edit your model flagged with the status \"Possible improvement\". You will be able to get the documents flagged by the feedback loop by adding documents in one of your collections. Learn more: </span><a href=\"https://aka.ms/AIBFeedbackLoop\"><span style=\"font-size: 16px\">https://aka.ms/AIBFeedbackLoop</span></a><span style=\"font-size: 16px\"><br>\n<br>\n</span><span style=\"font-size: 16px\"><strong>Need help?</strong></span><span style=\"font-size: 16px\"> Here are some useful links:<br>\n</span></p>\n<ul>\n  <li><span style=\"font-size: 16px\">Step by step tutorial on AI Builder Form Processing in Microsoft Learn: </span><a href=\"https://aka.ms/LearnFormProcessing\"><span style=\"font-size: 16px\">https://aka.ms/LearnFormProcessing</span></a><span style=\"font-size: 16px\">&nbsp;</span></li>\n  <li><span style=\"font-size: 16px\">Learn more about AI Builder Form Processing: </span><a href=\"https://aka.ms/DocumentationFormProcessing\"><span style=\"font-size: 16px\">https://aka.ms/DocumentationFormProcessing</span></a>&nbsp;</li>\n  <li><span style=\"font-size: 16px\">Post your questions or issues in the AI Builder forum and weâ€™ll be happy to help: </span><a href=\"https://aka.ms/ForumAIBuilder\"><span style=\"font-size: 16px\">https://aka.ms/ForumAIBuilder</span></a>&nbsp;</li>\n</ul>\n<p><br></p>\n<p><span style=\"font-size: 16px\">Thank you for using Microsoft Power Platform</span></p>","emailMessage/Attachments":[{"Name":"@items('Apply_to_each')?['name']","ContentBytes":"@items('Apply_to_each')?['contentBytes']"}],"emailMessage/Importance":"Normal"},"authentication":"@parameters('$authentication')"},"description":"This action will send you an email with instructions for the AI Builder feedback loop. You can customize it to add even more fields if you wish."},"Pause_success_email_sending_for_this_document":{"runAfter":{"Send_an_email_(Document_in_feedback_loop)":["Succeeded"]},"metadata":{"operationMetadataId":"992fa00d-6022-4d9c-be2d-79cc983ff223"},"type":"SetVariable","inputs":{"name":"Send success email","value":"Paused"}}},"runAfter":{"Feedback_loop_how_to":["Succeeded"]},"expression":{"and":[{"equals":["@variables('Feedback loop activated')","Yes"]},{"equals":["@{outputs('Extract_information_from_forms')?['body/responsev2/predictionOutput/labels/Name/value']}","(change value)"]}]},"metadata":{"operationMetadataId":"2bf9fe08-00b3-4cc0-8799-59ab6059301f"},"type":"If","description":"In this example, we check if feedback loop is activated and if a field is equal to a given value before we add document to the feedback loop."}},"runAfter":{"Extract_information_from_forms":["Succeeded"]},"metadata":{"operationMetadataId":"50dfa567-4297-40ce-a859-6733e70ad91d"},"type":"Scope"},"Extract_information_from_forms":{"runAfter":{"Get_my_profile_(V2)":["Succeeded"]},"metadata":{"flowSystemMetadata":{"portalOperationId":"aibuilderpredict_formsprocessing","portalOperationGroup":"aibuilder","portalOperationApiDisplayNameOverride":"AI Builder","portalOperationIconOverride":"https://content.powerapps.com/resource/makerx/static/pauto/images/designeroperations/aiBuilderNew.51dbdb6b.png","portalOperationBrandColorOverride":"#0A76C4","portalOperationApiTierOverride":"Standard"},"operationMetadataId":"9b286a53-fef9-445a-a15e-9531ed267cd0"},"type":"OpenApiConnection","inputs":{"host":{"apiId":"/providers/Microsoft.PowerApps/apis/shared_commondataserviceforapps","connectionName":"shared_commondataserviceforapps","operationId":"aibuilderpredict_formsprocessing"},"parameters":{"recordId":"52426313-ab41-4abb-95ce-b8e066084935","item/requestv2/mimeType":"@items('Apply_to_each')?['contentType']","item/requestv2/base64Encoded":"@items('Apply_to_each')?['contentBytes']"},"authentication":"@parameters('$authentication')"},"description":"This action extracts the data from the documents attached in the email by using your AI Builder Form Processing model."},"Get_my_profile_(V2)":{"runAfter":{},"metadata":{"operationMetadataId":"040acb1a-041d-4f06-b722-7b3b5c2815c0"},"type":"OpenApiConnection","inputs":{"host":{"apiId":"/providers/Microsoft.PowerApps/apis/shared_office365users","connectionName":"shared_office365users","operationId":"MyProfile_V2"},"parameters":{},"authentication":"@parameters('$authentication')"},"description":"This action is used to retrieve your email address to send you an email."},"Send_success_email":{"runAfter":{"Feedback_loop_(preview)":["Succeeded"]},"cases":{"Send_email":{"case":"Yes","actions":{"Send_an_email_(Success)":{"runAfter":{},"metadata":{"operationMetadataId":"891b1a8a-d7ee-4b7a-9308-73e824f30368"},"type":"OpenApiConnection","inputs":{"host":{"apiId":"/providers/Microsoft.PowerApps/apis/shared_office365","connectionName":"shared_office365","operationId":"SendEmailV2"},"parameters":{"emailMessage/To":"@outputs('Get_my_profile_(V2)')?['body/mail']","emailMessage/Subject":"Document processed","emailMessage/Body":"<p><span style=\"font-size: 16px\">Congratulations </span><span style=\"font-size: 16px\">@{outputs('Get_my_profile_(V2)')?['body/givenName']}</span><span style=\"font-size: 16px\">! Your Power Automate flow ran successfully. Here are some of the fields extracted from the attached document by AI Builder Form Processing:<br>\n<br>\n</span><span style=\"font-size: 16px\"><strong>Total: </strong></span><span style=\"font-size: 16px\"><strong>@{outputs('Extract_information_from_forms')?['body/responsev2/predictionOutput/labels/Total/value']}</strong></span><span style=\"font-size: 16px\"><strong> (Confidence score: </strong></span><span style=\"font-size: 16px\"><strong>@{outputs('Extract_information_from_forms')?['body/responsev2/predictionOutput/labels/Total/confidence']}</strong></span><span style=\"font-size: 16px\"><strong>)<br>\n<br>\n<br>\n<br>\n</strong></span><span style=\"font-size: 16px\"><br>\n<br>\n</span><br>\n<span style=\"font-size: 16px\"><strong>Where are the other fields?</strong></span><span style=\"font-size: 16px\"> In this sample flow we just added a few fields. But itâ€™s easy to add more fields and tables from your model. Learn how to do it here: </span><a href=\"https://aka.ms/FlowFormProcessing\"><span style=\"font-size: 16px\">https://aka.ms/FlowFormProcessing</span></a><span style=\"font-size: 16px\"><br>\n<br>\n</span><span style=\"font-size: 16px\"><strong>Whatâ€™s next?</strong></span><span style=\"font-size: 16px\"> Now that you have &nbsp;successfully built and run your flow, you can come back to it and customize it to meet your needs. You can change the trigger or any of the actions and improve your model thanks to the feedback loop. Learn how to do it here: </span><a href=\"https://aka.ms/AIBFeedbackLoop\"><span style=\"font-size: 16px\">https://aka.ms/AIBFeedbackLoop</span></a><span style=\"font-size: 16px\"><br>\n<br>\n</span><span style=\"font-size: 16px\"><strong>Need help?</strong></span><span style=\"font-size: 16px\"> Here are some useful links:<br>\n</span></p>\n<ul>\n  <li><span style=\"font-size: 16px\">Step by step tutorial on AI Builder Form Processing in Microsoft Learn: </span><a href=\"https://aka.ms/LearnFormProcessing\"><span style=\"font-size: 16px\">https://aka.ms/LearnFormProcessing</span></a><span style=\"font-size: 16px\">&nbsp;</span></li>\n  <li><span style=\"font-size: 16px\">Learn more about AI Builder Form Processing: </span><a href=\"https://aka.ms/DocumentationFormProcessing\"><span style=\"font-size: 16px\">https://aka.ms/DocumentationFormProcessing</span></a>&nbsp;</li>\n  <li><span style=\"font-size: 16px\">Post your questions or issues in the AI Builder forum and weâ€™ll be happy to help: </span><a href=\"https://aka.ms/ForumAIBuilder\"><span style=\"font-size: 16px\">https://aka.ms/ForumAIBuilder</span></a>&nbsp;</li>\n</ul>\n<p><br></p>\n<p><span style=\"font-size: 16px\">Thank you for using Microsoft Power Platform</span></p>","emailMessage/Attachments":[{"Name":"@items('Apply_to_each')?['name']","ContentBytes":"@items('Apply_to_each')?['contentBytes']"}],"emailMessage/Importance":"Normal"},"authentication":"@parameters('$authentication')"},"description":"This action will send you an email with some of the fields that have been extracted, along with the associated confidence scores, by the AI Builder Form Processing model you have trained. You can customize it to add even more fields if you wish."}}},"Do_not_send_email":{"case":"No","actions":{}}},"default":{"actions":{"Resume_sending_success_emails":{"runAfter":{},"metadata":{"operationMetadataId":"b8682538-64db-4b9e-9f5f-f18e4c6cf723"},"type":"SetVariable","inputs":{"name":"Send success email","value":"Yes"}}}},"expression":"@variables('Send success email')","metadata":{"operationMetadataId":"ced81c1e-2a5b-49de-b11b-424d712af174"},"type":"Switch"}},"runAfter":{},"expression":{"equals":["@items('Apply_to_each')?['isInline']",false]},"metadata":{"operationMetadataId":"e4527f10-4fed-4e48-93ec-776d05575a5f"},"type":"If","description":"This condition checks that the flow only processes file attachments and not email signatures."}},"runAfter":{"Feedback_loop_activation_(preview)":["Succeeded"]},"metadata":{"operationMetadataId":"80ebf800-f7a7-4b3b-b92a-06a37b98dc02"},"type":"Foreach","description":"Here we iterate each file attachment present in the email received."},"Send_success_emails":{"runAfter":{"Welcome!":["Succeeded"]},"metadata":{"operationMetadataId":"5ca8f553-4692-42df-a30e-3208c34fb108"},"type":"InitializeVariable","inputs":{"variables":[{"name":"Send success email","type":"string","value":"Yes"}]},"description":"Variable that indicates if a success email should be sent after processing a document."}},"description":"This is a sample flow that illustrates how to use your newly trained AI Builder form processing in an automation. This flow can be customized to meet your needs and includes the possibility to add documents in the Feedback loop."},"connectionReferences":{"shared_commondataserviceforapps":{"connectionName":"shared-commondataser-fb59ed9f-dabc-4d21-89e4-4394a75074fe","source":"Embedded","id":"/providers/Microsoft.PowerApps/apis/shared_commondataserviceforapps","tier":"NotSpecified"},"shared_office365":{"connectionName":"shared-office365-a6b84f56-a026-41a2-ba26-9d59409f0674","source":"Embedded","id":"/providers/Microsoft.PowerApps/apis/shared_office365","tier":"NotSpecified"},"shared_office365users":{"connectionName":"shared-office365user-95111574-68ad-4ac0-ac77-27f1dbbae1b3","source":"Embedded","id":"/providers/Microsoft.PowerApps/apis/shared_office365users","tier":"NotSpecified"}},"flowFailureAlertSubscribed":false,"isManaged":false}}